kendallTau,N_effective
0.971007993305684,73.01379179163092
