kendallTau,N_effective
0.9464235210498384,50.12106407565239
