kendallTau,N_effective
0.9717604241042369,73.04136750847753
